--
-- Script was generated by Devart dbForge Studio for MySQL, Version 7.2.58.0
-- Product home page: http://www.devart.com/dbforge/mysql/studio
-- Script date 5/4/2017 4:45:30 AM
-- Server version: 5.7.11
-- Client version: 4.1
--


-- 
-- Disable foreign keys
-- 
/*!40014 SET @OLD_FOREIGN_KEY_CHECKS=@@FOREIGN_KEY_CHECKS, FOREIGN_KEY_CHECKS=0 */;

-- 
-- Set SQL mode
-- 
/*!40101 SET @OLD_SQL_MODE=@@SQL_MODE, SQL_MODE='NO_AUTO_VALUE_ON_ZERO' */;

-- 
-- Set character set the client will use to send SQL statements to the server
--
SET NAMES 'utf8';

-- 
-- Set default database
--
CREATE DATABASE IF NOT EXISTS `kintechai_db` DEFAULT CHARACTER SET latin1 COLLATE latin1_swedish_ci;
USE kintechai_db;

--
-- Definition for table products
--
DROP TABLE IF EXISTS products;
CREATE TABLE products (
  id INT(11) UNSIGNED NOT NULL AUTO_INCREMENT,
  user_id INT(11) NOT NULL,
  name VARCHAR(50) NOT NULL,
  image VARCHAR(255) DEFAULT NULL,
  description VARCHAR(255) DEFAULT NULL,
  price_range_from INT(11) NOT NULL,
  price_range_to INT(11) NOT NULL,
  PRIMARY KEY (id)
)
ENGINE = INNODB
AUTO_INCREMENT = 6
AVG_ROW_LENGTH = 5461
CHARACTER SET latin1
COLLATE latin1_swedish_ci
ROW_FORMAT = DYNAMIC;

--
-- Definition for table ucontacts
--
DROP TABLE IF EXISTS ucontacts;
CREATE TABLE ucontacts (
  id INT(5) NOT NULL AUTO_INCREMENT,
  contactno INT(11) NOT NULL,
  PRIMARY KEY (id)
)
ENGINE = INNODB
AUTO_INCREMENT = 10
AVG_ROW_LENGTH = 2048
CHARACTER SET latin1
COLLATE latin1_swedish_ci
ROW_FORMAT = DYNAMIC;

--
-- Definition for table uinformation
--
DROP TABLE IF EXISTS uinformation;
CREATE TABLE uinformation (
  ucontacts_id INT(5) NOT NULL AUTO_INCREMENT,
  fname VARCHAR(50) NOT NULL,
  lname VARCHAR(50) NOT NULL,
  occupation VARCHAR(50) NOT NULL,
  gender VARCHAR(8) NOT NULL,
  type VARCHAR(10) NOT NULL,
  image VARCHAR(255) NOT NULL,
  PRIMARY KEY (ucontacts_id),
  CONSTRAINT infocontacts FOREIGN KEY (ucontacts_id)
    REFERENCES ucontacts(id) ON DELETE RESTRICT ON UPDATE RESTRICT
)
ENGINE = INNODB
AUTO_INCREMENT = 7
AVG_ROW_LENGTH = 4096
CHARACTER SET latin1
COLLATE latin1_swedish_ci
ROW_FORMAT = DYNAMIC;

--
-- Definition for table ulogin
--
DROP TABLE IF EXISTS ulogin;
CREATE TABLE ulogin (
  ucontacts_id INT(5) NOT NULL AUTO_INCREMENT,
  username VARCHAR(50) NOT NULL,
  email VARCHAR(50) NOT NULL,
  password VARCHAR(50) NOT NULL,
  PRIMARY KEY (ucontacts_id),
  UNIQUE INDEX `unique` (email),
  CONSTRAINT contact FOREIGN KEY (ucontacts_id)
    REFERENCES ucontacts(id) ON DELETE RESTRICT ON UPDATE RESTRICT
)
ENGINE = INNODB
AUTO_INCREMENT = 7
AVG_ROW_LENGTH = 8192
CHARACTER SET latin1
COLLATE latin1_swedish_ci
ROW_FORMAT = DYNAMIC;

-- 
-- Dumping data for table products
--
INSERT INTO products VALUES
(1, 4, 'AM Product', '14_-_1.gif', 'Alhum-du-lillah', 5, 6),
(2, 4, 'AM Product', '14_-_1.gif', 'Alhum-du-lillah', 5, 6),
(3, 4, 'AM Product', '14_-_1.gif', 'Alhum-du-lillah', 5, 6),
(4, 6, 'Power Users&#039;s 1st Product', '23-11-14_-_1.gif', 'This is another Ghost group community Hands', 55, 65),
(5, 5, 'Product of the year', '150a.jpg', 'This is a product which is blah blah blah. This is a product which is blah blah blah. This is a product which is blah blah blah.', 12500, 13600);

-- 
-- Dumping data for table ucontacts
--
INSERT INTO ucontacts VALUES
(1, 123456789),
(2, 123456789),
(3, 587561),
(4, 1857566488),
(5, 1857566488),
(6, 1857566488),
(7, 1857566489),
(8, 1857566489),
(9, 0);

-- 
-- Dumping data for table uinformation
--
INSERT INTO uinformation VALUES
(1, 'shahid', 'islam', 'student', 'male', '', ''),
(2, 'Shahidul', 'Islam', 'student', 'male', '', ''),
(3, 'Chock', 'Hong', 'Dev', 'male', '', ''),
(4, 'Mohammad Ali ', 'Apu', 'Software Developer', 'male', '', ''),
(5, 'Tanjil Hossain', 'Tapu', 'Student', 'male', 'corporate', '09d5c58f4cce6ea5edff9ed693ca2e46.gif'),
(6, 'Power', 'User', 'Unknown', 'male', 'personal', '20-11-14_-_1.gif');

-- 
-- Dumping data for table ulogin
--
INSERT INTO ulogin VALUES
(1, 'shawon', 'shawonis08@gmial.com', '789456123'),
(2, 'shawonis', 'shahid@hotmail.com', '123456789'),
(3, 'apu', 'chockhong1@gmail.com', '123456'),
(4, 'mdapu', 'md@md.com', 'e10adc3949ba59abbe56e057f20f883e'),
(5, 'tapu', 'tapu@mail.com', 'e10adc3949ba59abbe56e057f20f883e'),
(6, 'poweruser', 'poweruser@mail.com', 'e10adc3949ba59abbe56e057f20f883e');

-- 
-- Restore previous SQL mode
-- 
/*!40101 SET SQL_MODE=@OLD_SQL_MODE */;

-- 
-- Enable foreign keys
-- 
/*!40014 SET FOREIGN_KEY_CHECKS=@OLD_FOREIGN_KEY_CHECKS */;